indelLength,0,1,1,2,2,2,3,3,3,3,4,4,4,4,4,5,5,5,5,5,5,6,6,6,6,6,6,6,7,7,7,7,7,7,7,7,8,8,8,8,8,8,8,8,8,9,9,9,9,9,9,9,9,9,9,10,10,10,10,10,10,10,10,10,10,10,11,11,11,11,11,11,11,11,11,11,11,11,12,12,12,12,12,12,12,12,12,12,12,12,12,13,13,13,13,13,13,13,13,13,13,13,13,13,13,14,14,14,14,14,14,14,14,14,14,14,14,14,14,14,15,15,15,15,15,15,15,15,15,15,15,15,15,15,15,15,16,16,16,16,16,16,16,16,16,16,16,16,16,16,16,16,16,17,17,17,17,17,17,17,17,17,17,17,17,17,17,17,17,17,17,18,18,18,18,18,18,18,18,18,18,18,18,18,18,18,18,18,18,18,19,19,19,19,19,19,19,19,19,19,19,19,19,19,19,19,19,19,19,19,20,20,20,20,20,20,20,20,20,20,20,20,20,20,20,20,20,20,20,20
potIndelStartRel,-4,-5,-4,-6,-5,-4,-7,-6,-5,-4,-8,-7,-6,-5,-4,-9,-8,-7,-6,-5,-4,-10,-9,-8,-7,-6,-5,-4,-11,-10,-9,-8,-7,-6,-5,-4,-12,-11,-10,-9,-8,-7,-6,-5,-4,-13,-12,-11,-10,-9,-8,-7,-6,-5,-4,-14,-13,-12,-11,-10,-9,-8,-7,-6,-5,-4,-15,-14,-13,-12,-11,-10,-9,-8,-7,-6,-5,-4,-16,-15,-14,-13,-12,-11,-10,-9,-8,-7,-6,-5,-4,-17,-16,-15,-14,-13,-12,-11,-10,-9,-8,-7,-6,-5,-4,-18,-17,-16,-15,-14,-13,-12,-11,-10,-9,-8,-7,-6,-5,-4,-19,-18,-17,-16,-15,-14,-13,-12,-11,-10,-9,-8,-7,-6,-5,-4,-20,-19,-18,-17,-16,-15,-14,-13,-12,-11,-10,-9,-8,-7,-6,-5,-4,-21,-20,-19,-18,-17,-16,-15,-14,-13,-12,-11,-10,-9,-8,-7,-6,-5,-4,-22,-21,-20,-19,-18,-17,-16,-15,-14,-13,-12,-11,-10,-9,-8,-7,-6,-5,-4,-23,-22,-21,-20,-19,-18,-17,-16,-15,-14,-13,-12,-11,-10,-9,-8,-7,-6,-5,-4,-23,-22,-21,-20,-19,-18,-17,-16,-15,-14,-13,-12,-11,-10,-9,-8,-7,-6,-5,-4
0,0.80167776,0.0073302863,0.014831419,0.0037310326,0.013642648,0.0030029179,0.00257389,0.005660657,0.005110722,0.0035839942,0.0028438263,0.007240547,0.001396977,0.0014422038,0.0025234458,0.0012584614,0.002481658,0.001536531,0.0010051659,0.0012740787,0.0010872026,0.0013428624,0.0045783236,0.0014774505,0.00078272575,0.0008091955,0.0006928846,0.0010898048,0.0008388494,0.0026214458,0.00071764976,0.00058875943,0.0006441714,0.00046491472,0.0006356285,0.0019080089,0.00068538095,0.0019017389,0.00061601616,0.00056173274,0.00068092154,0.00030932797,0.0004442643,0.0019460855,0.0015359408,0.00054799585,0.0023617437,0.000689152,0.00045950778,0.00034383452,0.00028997942,0.0003024023,0.00068078074,0.0021748007,0.0017796472,0.000746947,0.0018800114,0.000801288,0.0005830056,0.00032662254,0.00028863066,0.00036083642,0.000430672,0.00053032825,0.0014441066,0.0012254443,0.00048768023,0.0014476768,0.0005900689,0.00046660515,0.0003202091,0.00025382778,0.00027545134,0.00053457206,0.00039273137,0.00054640276,0.0014848559,0.001218057,0.00045429534,0.0013643333,0.00053681724,0.00045364237,0.00027770142,0.00023881182,0.00026181136,0.00027974838,0.00043026064,0.0004573244,0.00045323107,0.0014889984,0.0010689008,0.0005003738,0.0012914538,0.0007340739,0.00042511514,0.00029848816,0.00090160826,0.00025345173,0.0003318723,0.00039015544,0.00034775963,0.00040706623,0.0005618794,0.0008936525,0.0009911744,0.00040621127,0.0010735252,0.0011177368,0.00044088252,0.00028557074,0.0002142145,0.0006810968,0.00032013463,0.00030263912,0.00033971804,0.0004139985,0.00040303485,0.00052250514,0.0009527599,0.001011874,0.00034031205,0.0007794021,0.00066649454,0.0002609449,0.00025632518,0.00023009918,0.00023918782,0.0003367322,0.00034256082,0.00036921617,0.0003302374,0.00029717857,0.00034090463,0.00041048016,0.0011246476,0.0010774451,0.0002870193,0.00060861657,0.000322458,0.00035802647,0.00022414372,0.00024073671,0.00023681085,0.00034658107,0.00035582512,0.0003173968,0.00031738498,0.0003281069,0.0004908735,0.0003165075,0.00034424386,0.0005090388,0.0006049391,0.00026061395,0.00056495547,0.00034561363,0.0003091148,0.00054479373,0.00066127884,0.00025970835,0.00033406576,0.00039482772,0.00047697712,0.0003796112,0.000377334,0.00035223272,0.0003408619,0.00027282254,0.00032011085,0.00058287004,0.0004932024,0.0002481331,0.0006241853,0.00049820426,0.00023323235,0.00046080025,0.00024810588,0.0005832957,0.00026441828,0.0003635166,0.0003577808,0.0003313374,0.00042586835,0.0003381999,0.00036516716,0.00027226933,0.00026473968,0.0003110832,0.00062060123,0.0004750213,0.00023383377,0.0003942156,0.00021071041,0.00023648213,0.00045793623,0.0009333276,0.00050222565,0.00031496692,0.00052176754,0.00027787092,0.00033667393,0.0005591287,0.00049768813,0.0003608963,0.00029287176,0.00056537916,0.00035505812,0.00029354185,0.0003279352,0.0003500631,0.00029020125,0.0002451513,0.00025571248,0.0002561876,0.0004086829,0.0005240708,0.00021403219,0.0002931187,0.0003843487,0.0003080096,0.00035087467,0.00031917132,0.00041914434,0.0005522046,0.00028169682,0.00028583143,0.00031319843,0.0002775267,0.00031985916,0.00030769673
1,0.74435633,0.0027288988,0.011231193,0.004641813,0.0064770663,0.0022275227,0.001940991,0.005412239,0.0047410307,0.002707698,0.003213671,0.007258303,0.001155006,0.0020032914,0.0017354375,0.0012260999,0.004347409,0.001308529,0.0012178505,0.0055827806,0.0029184392,0.0009878314,0.0032421767,0.0011663168,0.00078624673,0.00065764453,0.0008558015,0.0045359097,0.0010284088,0.0032890236,0.00077141746,0.00054544554,0.00057690364,0.001473712,0.00053505815,0.0012452756,0.0007564801,0.0023125978,0.00059923937,0.0005202053,0.0008233045,0.0009746389,0.0013993611,0.0008301055,0.0010025692,0.0005126462,0.0012685275,0.0007420764,0.00052396616,0.0003530907,0.0012888826,0.0006078578,0.0004483827,0.0020098237,0.0023564973,0.0005534168,0.0011615898,0.0008776272,0.0004474438,0.0003044481,0.0012014117,0.0007006413,0.0005157578,0.0008575243,0.0012774909,0.0028945091,0.00046792,0.0017800295,0.00051071605,0.00034356225,0.00038601024,0.0002873517,0.0009104538,0.0006739275,0.00062522665,0.0005068125,0.0017867234,0.0012257473,0.00044184152,0.0010736438,0.00047951407,0.0006970107,0.00052249915,0.00023881182,0.00039005876,0.00057115534,0.00056217005,0.00077292736,0.0006767871,0.0014921273,0.0011830009,0.00040216136,0.0009608558,0.00062863156,0.0003831745,0.0002926253,0.00040401868,0.0003008701,0.00037346632,0.0004255433,0.0004021357,0.00059671485,0.00084933586,0.000706245,0.00095779484,0.0003171361,0.0009627527,0.0005692141,0.0002994427,0.0005224374,0.0008179944,0.00056303124,0.00037969736,0.00053947937,0.00038729352,0.0008707071,0.00044164364,0.00047005425,0.0009114311,0.00075517135,0.000375691,0.00073651137,0.00048482392,0.00028944138,0.0016010734,0.0046413704,0.00068597205,0.0003172861,0.0004117849,0.0006876588,0.0006420626,0.00043714247,0.00047724028,0.00043688127,0.0008472912,0.0008557061,0.00034218252,0.00078265194,0.0003062904,0.0003578243,0.00042635313,0.00023783861,0.0106989145,0.00026511878,0.0006354719,0.00033782207,0.00032548205,0.0007541257,0.00050823647,0.00032507116,0.00031140455,0.0005728662,0.00052702863,0.00023980641,0.00048841874,0.0002706445,0.00031775894,0.00021995338,0.00024234326,0.00025970835,0.00035882043,0.00033752897,0.0004310509,0.0003716812,0.00034264752,0.0003821928,0.00033599208,0.00026689182,0.00029716696,0.00059606996,0.00040325391,0.0002481331,0.0004973474,0.00031379052,0.00022952794,0.00021639297,0.00027980574,0.0002300847,0.0008456232,0.00036774483,0.0003577808,0.0003313374,0.0003235429,0.00031190313,0.00025647404,0.00024880253,0.00027577928,0.00045315138,0.0005858721,0.0004624303,0.00022425488,0.00042447998,0.00021071041,0.00023648213,0.0002209836,0.000597139,0.00021959085,0.00029145592,0.00052176754,0.00027787092,0.0003074853,0.00036832865,0.00031402934,0.00033092033,0.0002770828,0.00025884487,0.0003837126,0.000320473,0.0003279352,0.0003500631,0.00027852922,0.0002451733,0.0002471723,0.0001660095,0.00040979614,0.00059769274,0.00021403219,0.0002931187,0.00054308056,0.000388144,0.00026434218,0.00031917132,0.00030745481,0.00032995132,0.0002881116,0.00029365855,0.000300641,0.0002746777,0.0003170067,0.00030769673
2,0.76291734,0.0046745,0.012495888,0.00355541,0.009411562,0.0031312334,0.0026176088,0.0047134026,0.0037074257,0.0028879314,0.0020927647,0.0057349997,0.0011612816,0.0016110337,0.0016381112,0.0016909295,0.0017198201,0.0014905233,0.0008167412,0.0011169624,0.0009200571,0.0013288687,0.004277857,0.0012611859,0.00085420674,0.00058640004,0.0007461274,0.0009156142,0.0007436433,0.0029839678,0.0007577553,0.0004667128,0.00078129687,0.00056573306,0.00054989336,0.0014705537,0.0007021025,0.0017067492,0.0007637045,0.0007540216,0.0010072408,0.0010515272,0.00042161124,0.001503986,0.002906326,0.0005150798,0.0015627086,0.000804624,0.00043026888,0.00047039601,0.00040852866,0.00076191913,0.00053351204,0.002327096,0.001788868,0.00077135576,0.001231559,0.00049559475,0.00037808352,0.00091924885,0.0004516446,0.00036366945,0.00074197876,0.00078576553,0.0015314973,0.0022567292,0.0006391101,0.002125129,0.00042635153,0.0005186549,0.00035099694,0.00054636446,0.00025357647,0.0008145665,0.0005008641,0.00044168468,0.001279341,0.0011830397,0.00049098115,0.0009823214,0.0005080674,0.0006724012,0.00054818136,0.0009372539,0.00076348224,0.00059413357,0.0006343388,0.0009048054,0.00065917475,0.001337173,0.0012352426,0.0004401359,0.0011590382,0.0007338997,0.0023365938,0.006814689,0.0015070417,0.0011091374,0.00038407985,0.00042544087,0.0004073115,0.00068115134,0.0009074403,0.0011408068,0.0009142482,0.00036028834,0.0013361082,0.0018580394,0.00043715083,0.003872765,0.0002142145,0.0021211202,0.00033567,0.0005187824,0.0005272753,0.00051739474,0.00038305053,0.0004689765,0.0009418614,0.0010423199,0.00032400773,0.0006838083,0.00057537813,0.0002609449,0.0011936971,0.0002901487,0.00023232683,0.000347663,0.00035354795,0.00045228048,0.00032158213,0.00034296192,0.00036828773,0.00037392502,0.00078466826,0.0009932815,0.00029885746,0.00062983664,0.00036251266,0.00028806846,0.0004536923,0.00019827626,0.0004419414,0.00028247945,0.00035582512,0.0003173968,0.00032138263,0.0002890586,0.00032949116,0.00028731118,0.00035474144,0.00047372427,0.0007418412,0.000340668,0.0005462778,0.00034936497,0.00022254171,0.00021995338,0.00068212964,0.00025970835,0.0003237774,0.0004526428,0.0004339478,0.0003796112,0.00034264752,0.0002607365,0.00038187832,0.00026689182,0.0003237271,0.00058287004,0.0005680461,0.0002481331,0.00051127985,0.000369398,0.00022952794,0.0002223627,0.00027980574,0.000717218,0.00032256654,0.0009668091,0.0008589116,0.00028661898,0.0003143999,0.0003021562,0.0002637111,0.00024880253,0.00026473968,0.00027751958,0.0005664172,0.00049393164,0.00017544035,0.00039753853,0.0002192875,0.00023648213,0.00023136346,0.0004936257,0.00021959085,0.00029145592,0.00062803895,0.0003578743,0.00034489165,0.00036832865,0.00033034856,0.00035813215,0.0002770828,0.00025027693,0.00026588707,0.00029354185,0.0003279352,0.0003500631,0.0003370876,0.00022763466,0.00022701544,0.000161515,0.00039945162,0.00021987705,0.00021790667,0.00029002753,0.00032437028,0.00030361128,0.00026736248,0.00031917132,0.00032434153,0.00043325155,0.00028169682,0.00027851755,0.00028130444,0.0002746777,0.00031985916,0.00030769673
3,0.76932013,0.0051829596,0.017287703,0.0038269898,0.010122826,0.004522797,0.004146466,0.0022467417,0.0048247967,0.0047088214,0.0033617266,0.005622673,0.0011118202,0.0012704609,0.0022692645,0.0023649626,0.004135305,0.0014212135,0.0008911798,0.0013088762,0.0010156386,0.0010425742,0.008940375,0.0015925121,0.0006804924,0.0005807628,0.0006105498,0.0009066021,0.00082632416,0.0041734753,0.0008038362,0.00050694775,0.0008038963,0.0012539715,0.00046579324,0.0020129632,0.00070561265,0.004891504,0.0015909737,0.0008322567,0.0009528225,0.00034687656,0.0016482781,0.0008811144,0.0013643489,0.00087343086,0.0016447345,0.00090459635,0.00064520695,0.0004449248,0.0011845411,0.0002873542,0.0009133605,0.0018475421,0.0017975398,0.0007673228,0.0016446718,0.0020615729,0.0006217003,0.00045914788,0.00043577197,0.0009662529,0.00034808106,0.00049560494,0.0014209063,0.0020180552,0.0004547826,0.002384684,0.0010965217,0.00064680655,0.00035099694,0.0002873517,0.00033237765,0.0009343312,0.00039337977,0.00039646938,0.0014584971,0.0011933044,0.0010462293,0.002077139,0.00053602393,0.0014302465,0.00051585934,0.0010352525,0.00033864335,0.00097098394,0.0005836953,0.0005690224,0.0004325393,0.0008986485,0.0015446204,0.00042549116,0.005410268,0.0014062264,0.00048516854,0.00032863687,0.00087939674,0.00086154486,0.0004045409,0.0004255433,0.00036843013,0.00043172142,0.0005973613,0.000774355,0.0009513126,0.00036028834,0.0012297666,0.0017791907,0.0006054222,0.00093317905,0.0002142145,0.0009248886,0.00033676365,0.00041371895,0.0004404939,0.00049582985,0.00044293905,0.0004425362,0.0009527599,0.00097277097,0.00057234004,0.0007725754,0.0010914437,0.00029217315,0.00091665564,0.00023009918,0.00023232683,0.00036386974,0.00038844143,0.0004509868,0.00032909086,0.00034296192,0.00033582444,0.00038644377,0.00065909873,0.0008287236,0.00046182194,0.0006395485,0.00029876005,0.0010759204,0.0005248144,0.00019827626,0.00038379472,0.00028247945,0.00035582512,0.0003173968,0.0003214335,0.00032406708,0.0003456471,0.00037776268,0.00032042502,0.00051223254,0.0006496555,0.00059127226,0.00063289044,0.00036221193,0.00022254171,0.00021995338,0.00068212964,0.00025970835,0.00035882043,0.0003714205,0.0005137349,0.0003796112,0.00034264752,0.00025391346,0.00033599208,0.00026689182,0.0003237271,0.00058287004,0.00057344005,0.00026261937,0.00072130735,0.00035250027,0.00022952794,0.0002223627,0.00023184906,0.0010733805,0.00030138946,0.0003635166,0.0003577808,0.0003313374,0.0003235429,0.0003266624,0.00025647404,0.00024880253,0.00026473968,0.00029576532,0.0006421247,0.00049393164,0.00017544035,0.0005670851,0.00021071041,0.00023648213,0.00018991125,0.00023944247,0.00022667565,0.00029145592,0.00052176754,0.00027787092,0.00034489165,0.00036832865,0.00034035373,0.0003655116,0.0002770828,0.00028693504,0.00027925114,0.00029354185,0.0003279352,0.0003500631,0.00035721165,0.00025895398,0.00025294986,0.000161515,0.0004559622,0.00027951165,0.00021403219,0.00038076632,0.00032930617,0.0003080096,0.00026736248,0.00031917132,0.00032434153,0.0003434848,0.00028169682,0.00027851755,0.00028130444,0.0002746777,0.0003170067,0.00030769673
4,0.7345014,0.0020991196,0.012458668,0.0031657307,0.018772399,0.0047464385,0.0021006942,0.004828136,0.00263537,0.002214093,0.00253594,0.00563391,0.0012441635,0.0017038381,0.0019699072,0.0011156411,0.0041039106,0.0013588202,0.00094755046,0.0013039296,0.0010093724,0.0010595209,0.0029725174,0.00192852,0.00066611194,0.0005870429,0.0021005694,0.00082932995,0.0010931498,0.0026555627,0.00078166364,0.00048724277,0.0005758738,0.0004575429,0.004784693,0.0013302186,0.0006056611,0.0015805622,0.000582559,0.000556603,0.0004514195,0.00033776878,0.00040846269,0.001271826,0.0013450922,0.0005375866,0.0011679373,0.00080422155,0.00055453036,0.0003607919,0.00092659536,0.00025860683,0.0009575429,0.0011780345,0.0016705571,0.0005535761,0.0012848612,0.000854228,0.0004474438,0.00032546592,0.004142719,0.00063435,0.00036544402,0.00055518484,0.0011079657,0.0011933163,0.000446128,0.0019521927,0.0005672035,0.00034594673,0.0003707874,0.00024784627,0.0008820783,0.00066239526,0.00070183084,0.0005065333,0.0010406689,0.0009349675,0.0031497858,0.0007551483,0.0005052427,0.0004358484,0.00045297903,0.00089951843,0.00023635048,0.0005190908,0.00056212075,0.0007632276,0.0004523799,0.0013863331,0.0014475652,0.0013375105,0.00122691,0.0006478019,0.00030658167,0.00027319894,0.00026810248,0.000978015,0.00031973142,0.0004255433,0.0004208088,0.00069719745,0.00066649425,0.0006805203,0.000828353,0.0003171361,0.0008899138,0.00035352062,0.00029685945,0.00028557074,0.00020217031,0.00023132178,0.00044780306,0.0006094141,0.0004094461,0.00084993494,0.00046987997,0.0050755204,0.00072324806,0.0008351702,0.0003442068,0.00071680325,0.00048149575,0.0002609449,0.00033624747,0.00022686116,0.00023232683,0.0003846322,0.00043744658,0.00076912297,0.00046276586,0.0005095923,0.00048818675,0.0003796639,0.00082249334,0.0009532089,0.00028325804,0.00057907304,0.00029876005,0.00032011818,0.0002571785,0.00019827626,0.00021781029,0.00029940731,0.00044808572,0.00033782207,0.00036784774,0.00034675177,0.00047752308,0.0003502769,0.00038148262,0.00049160846,0.0006984703,0.00022547867,0.00056164304,0.0002706445,0.00021648729,0.00021995338,0.00024234326,0.00025970835,0.00042034293,0.0004113429,0.0006786198,0.00041792745,0.000377334,0.0003613576,0.00041243504,0.00031777256,0.0003153599,0.00058287004,0.00056748226,0.0002481331,0.0005348728,0.00042797503,0.00023323235,0.00021639297,0.00082013255,0.00020394669,0.0018258101,0.00048216557,0.0004189043,0.00029637557,0.00073247787,0.0014988618,0.00035514697,0.0009871207,0.00029065978,0.00027751958,0.00061056844,0.0004624303,0.00018293453,0.00033909953,0.00021071041,0.00023648213,0.00023145658,0.0003811905,0.0005770596,0.0002941666,0.0013427582,0.00028264485,0.00031499064,0.00039006915,0.00038730496,0.00035813215,0.0002770828,0.00035080576,0.00026588707,0.00029354185,0.0003279352,0.0003500631,0.00028424166,0.000234199,0.0002471723,0.00016807659,0.00044988736,0.0010659487,0.00021403219,0.00029002753,0.000431182,0.0003080096,0.00026736248,0.00031917132,0.00030745481,0.00032995132,0.00028169682,0.00027851755,0.00028130444,0.0002775267,0.0003170067,0.00030769673
5,0.7609607,0.043261956,0.018973306,0.0031140507,0.014506797,0.0032315275,0.0026734448,0.008663125,0.0045970785,0.004387639,0.0056043146,0.00843287,0.001471549,0.0015188566,0.001504503,0.0013830601,0.0039011345,0.0015680747,0.001032114,0.0015744091,0.0010237381,0.0022377858,0.0029074675,0.0012933778,0.0007091252,0.0006274634,0.00071995583,0.0010620448,0.0016867467,0.0030887844,0.00071499153,0.00060619006,0.0005009801,0.0004740859,0.00067404984,0.0016554373,0.0007084011,0.0024549516,0.00068118604,0.00068227947,0.00063435757,0.00033602762,0.00039504986,0.0013317879,0.0012223445,0.0005039568,0.0021818473,0.00087398494,0.0004473474,0.0003696934,0.00032049866,0.00032329006,0.00085782836,0.001852563,0.0018985114,0.0005445352,0.001612791,0.0009710061,0.00043912025,0.0003317432,0.0003206686,0.0003473862,0.00047006563,0.000543906,0.0013952192,0.0015047732,0.00045370162,0.0019057128,0.0005726323,0.00039541253,0.0003202091,0.00027574302,0.00028765458,0.00054085924,0.00042711647,0.00048615134,0.0015176755,0.001556877,0.0004867525,0.0011150982,0.0004746547,0.0005270507,0.000295484,0.0009372539,0.0002418048,0.0003840288,0.0003657556,0.00052839174,0.00047786665,0.0012527824,0.0015446204,0.0005167481,0.0011070558,0.00070445566,0.00041464088,0.00031843458,0.00025650533,0.001103446,0.0003769448,0.00041274284,0.00037385355,0.00043860235,0.00054687064,0.00073372875,0.0009504013,0.0004216874,0.0012018152,0.00036559158,0.00030780793,0.0003153067,0.00020217031,0.00022680039,0.0003292032,0.00030920707,0.00033655774,0.00043531734,0.00046677978,0.00049921306,0.0009439079,0.0011152289,0.0003264974,0.0009245749,0.00051927444,0.0002609449,0.0003361776,0.00023245733,0.00023232683,0.000347663,0.00037315828,0.0004883661,0.0003267135,0.0004116726,0.00049651327,0.0003796639,0.0006684691,0.0009151637,0.000374684,0.0006778005,0.0003145303,0.00035260041,0.00027111947,0.00019462247,0.0002693058,0.00027111662,0.00035582512,0.0003173968,0.0003214335,0.00030929374,0.00051216804,0.0003307532,0.00032710275,0.000582697,0.000701,0.00034710663,0.000603647,0.00034936497,0.00022254171,0.00021995338,0.00068212964,0.00025970835,0.00043200012,0.00035880107,0.0004977799,0.00038819006,0.000377334,0.00037254195,0.00036287846,0.00031777256,0.00030974436,0.0005887628,0.00056805345,0.0002481331,0.00047935641,0.00041456879,0.00023323235,0.0002223627,0.0004419597,0.0005832957,0.00045886982,0.00036774483,0.0003577808,0.0003313374,0.0003969264,0.00038292838,0.00036516716,0.00030219537,0.00029065978,0.00029576532,0.0008171526,0.0004750213,0.00018293453,0.00042508918,0.0002192875,0.00023648213,0.00018991125,0.0002414597,0.00067471794,0.00031110423,0.00048386405,0.00027787092,0.00034489165,0.0005591287,0.00049768813,0.00039057204,0.00029287176,0.000788551,0.00034064587,0.00031201614,0.0003279352,0.0003500631,0.00030764335,0.00024499194,0.0002288252,0.000161515,0.00030741407,0.00019932486,0.00021403219,0.0002931187,0.0005661932,0.0003080096,0.00038750644,0.00031917132,0.0003973231,0.0005522046,0.00028169682,0.00028583143,0.00030323668,0.0002775267,0.00031985916,0.00030769673
6,0.75536543,0.0054430603,0.014819955,0.002468051,0.016180404,0.0020005163,0.017091276,0.005216747,0.0024287272,0.0022068385,0.0034987023,0.007704843,0.0012549352,0.0017500201,0.001663556,0.0011753495,0.00270551,0.0019148117,0.0008308688,0.0012789335,0.0011288234,0.0013795746,0.004914179,0.001125571,0.00068829936,0.0006180359,0.0006301122,0.0008876222,0.0009568626,0.003123864,0.0007281392,0.0005164283,0.00056287274,0.0005193301,0.00064631633,0.0018372692,0.0005900394,0.001438484,0.0006552796,0.00049217296,0.000688383,0.0003458046,0.00045719848,0.001405672,0.0013281159,0.0005128192,0.0014254819,0.00065753236,0.00046388945,0.00034351836,0.00031339767,0.00033718094,0.00086801656,0.0020355587,0.0019372606,0.00048277082,0.0016592045,0.00059993373,0.00045508027,0.00031397934,0.00097521336,0.00029135452,0.00072650687,0.0008437109,0.00089535455,0.0010146275,0.00045748818,0.0017513885,0.0005040519,0.0004112698,0.00038601024,0.00025678697,0.00079561997,0.00068709865,0.00073343446,0.00054168905,0.0015669977,0.0011931941,0.00044763446,0.0010727701,0.0005356935,0.0004320306,0.00032271974,0.00023881182,0.00027203243,0.0006277792,0.0006061433,0.0007420276,0.0006727339,0.001601732,0.0010560548,0.0003151231,0.0008096329,0.00062017515,0.0003872108,0.0002926253,0.00029050573,0.00024642685,0.00045049118,0.0004255433,0.0003977893,0.00064502744,0.00080977136,0.0009212348,0.00088480866,0.00034086825,0.00083245063,0.00048114653,0.00029677595,0.00028692902,0.00020217031,0.00026304214,0.00038977867,0.00054397836,0.0004168784,0.0008136779,0.00043555498,0.0005434207,0.00074519904,0.00078034523,0.00033359346,0.0008302914,0.0005086937,0.0002609449,0.00031485225,0.0002354656,0.00023232683,0.00034554,0.00041821937,0.0006367435,0.0005508397,0.00043714247,0.00047724028,0.0004795881,0.0006100406,0.00067974447,0.00034672595,0.00061283726,0.00029876005,0.00031087833,0.00020957693,0.00019462247,0.00081036694,0.00030038803,0.0011281429,0.0003423708,0.00036784774,0.00030929374,0.00048010747,0.00038050924,0.0005707673,0.0005432832,0.0005113052,0.00032268683,0.0005400494,0.00034936497,0.00031629938,0.0005319648,0.00067244994,0.00025970835,0.00046583207,0.00033752897,0.0006600023,0.0003717136,0.00034264752,0.00030253784,0.00035769417,0.00026689182,0.00030628426,0.00058287004,0.00040325391,0.0002481331,0.00042157952,0.00034625246,0.00026108127,0.00023048827,0.00034983442,0.0015796098,0.0055669993,0.00036774483,0.00038087033,0.0003313374,0.00033960454,0.0003021562,0.00027150384,0.0002552611,0.0002680332,0.00030320167,0.0006421247,0.00046430645,0.00029601526,0.00046698045,0.00046483474,0.00023648213,0.00019738347,0.00024360282,0.00022667565,0.00031496692,0.00066656695,0.00027787092,0.00034489165,0.00036832865,0.0005929823,0.0003377393,0.0002770828,0.00054755365,0.00026738746,0.00029354185,0.0003279352,0.0003500631,0.0003025436,0.0004379819,0.0003124612,0.00017945268,0.00039431333,0.0006083208,0.00021403219,0.0002931187,0.000497843,0.0003324404,0.00026736248,0.00031917132,0.00030745481,0.0003434848,0.0002843319,0.00028583143,0.00028130444,0.0002746777,0.0003170067,0.00030769673
7,0.7187422,0.004128218,0.05636501,0.003970744,0.0074096955,0.0023505164,0.0019440213,0.0041704206,0.002519929,0.004555266,0.0028020178,0.006086143,0.0013644516,0.0021004793,0.0019515174,0.0011380316,0.005181153,0.0016535887,0.0010089489,0.0014973818,0.0010180401,0.0010025937,0.005013109,0.0013265793,0.00074608723,0.0005869788,0.001679056,0.0007590504,0.0008746714,0.003175744,0.00081363524,0.00055931736,0.0006599963,0.0004526456,0.0026715028,0.0009760444,0.00063453295,0.0014967652,0.00087239913,0.00048084784,0.000789084,0.00033399032,0.0003941869,0.0013631794,0.0011293046,0.0007498004,0.0021231398,0.0007187599,0.00050345075,0.00033425534,0.0006468999,0.00027700304,0.00087054574,0.0018476099,0.0016234106,0.00074657344,0.0016641881,0.0008059769,0.00040499005,0.00040494947,0.0010955893,0.0005702443,0.00038020354,0.0005251542,0.0010369148,0.001472317,0.00046592604,0.0019902685,0.00071517756,0.00037215152,0.00038601024,0.00054636446,0.0005154094,0.00046643772,0.0007031129,0.00045935277,0.0013477254,0.0010811528,0.00044864262,0.0011544159,0.00047625726,0.00047603578,0.00055843097,0.00023881182,0.0006828526,0.00046508893,0.00062373956,0.0005134355,0.00049300166,0.0011231696,0.0012151229,0.0003812694,0.0008562123,0.00062017515,0.00032739667,0.00028512813,0.00026810248,0.00024044473,0.000408681,0.0004255433,0.00034419907,0.00046458203,0.00061396323,0.0006603062,0.0010028864,0.0003171361,0.0011069551,0.00034869465,0.00030199924,0.0003115358,0.00052519847,0.00021350509,0.00037934445,0.00050367776,0.0003605938,0.0007105979,0.00040826725,0.00043302344,0.0006407846,0.00086863496,0.000375691,0.00083891774,0.00052489724,0.0003315276,0.0004317288,0.00023245733,0.0008082507,0.00034529695,0.0003855342,0.000625035,0.0005696811,0.00034735078,0.0003526411,0.00038504292,0.00077390915,0.00065472315,0.00044890298,0.00060980197,0.00029911858,0.0003340091,0.0003308945,0.00019462247,0.00020768537,0.00031195546,0.000438146,0.0003423708,0.00036327235,0.00034675177,0.00045415244,0.00036102,0.00032042502,0.0004973419,0.00052702863,0.00026061395,0.0006653877,0.00030513213,0.0003091148,0.00021995338,0.00024234326,0.00025970835,0.000528101,0.0004526428,0.0007082107,0.00041221178,0.000377334,0.0003825511,0.0003408619,0.00026689182,0.0003153599,0.00058287004,0.00040707842,0.0002481331,0.00044239554,0.00035114793,0.00022952794,0.00021639297,0.0001999185,0.00021037637,0.00075467717,0.00048216557,0.0004189043,0.0003426155,0.0003625123,0.00036562816,0.00036516716,0.00027226933,0.00026473968,0.00029576532,0.0005662331,0.00049393164,0.0007125207,0.00036135572,0.00021071041,0.00023648213,0.00030313837,0.00057176594,0.00021959085,0.00039852448,0.0012353432,0.00035438873,0.00044146433,0.0005591287,0.0005139205,0.00041387143,0.00029651407,0.0005379351,0.00027642265,0.00029354185,0.0003279352,0.0003500631,0.00027852922,0.0002451513,0.0002471723,0.0001860747,0.00078096637,0.003276092,0.00021403219,0.00029002753,0.00048900896,0.0003080096,0.0002886447,0.00031917132,0.00033389256,0.00047922414,0.00028169682,0.00027851755,0.000300641,0.0002746777,0.00031985916,0.00030769673
8,0.7489227,0.029807054,0.021671977,0.0024359678,0.015564938,0.0026771063,0.0024419264,0.0043947455,0.0021844888,0.0015522188,0.004361411,0.0052610016,0.0012228767,0.0012798609,0.0016363217,0.0012405283,0.003757771,0.001582617,0.0009591824,0.0012692309,0.00096511893,0.0018486205,0.004402275,0.0012024398,0.00066485873,0.00066367455,0.00063264376,0.0008712731,0.0022943823,0.0019658848,0.0008493108,0.00048121467,0.00061548274,0.0004799929,0.00056605885,0.0012315625,0.0011405232,0.002656404,0.0015573656,0.0007050675,0.00060541555,0.00032341923,0.00044269508,0.0011946292,0.002917765,0.0010989415,0.0012293713,0.0009012578,0.0005956548,0.00043793535,0.0003008136,0.0003109723,0.0009047018,0.0019977011,0.0018969552,0.00095571234,0.0015232257,0.0018920845,0.0007592389,0.00045625353,0.0003670772,0.00030885293,0.00042126878,0.0005223702,0.0013291042,0.001726625,0.00067022885,0.0020702041,0.0014229856,0.00067263836,0.00035099694,0.00028058043,0.0003053236,0.00053000107,0.00049101113,0.00047359735,0.0012224307,0.0011541118,0.003669016,0.0012224895,0.0006137965,0.0015345279,0.0006953245,0.00096836843,0.0003307535,0.00090315024,0.00040110192,0.0005607741,0.0004919478,0.0012938756,0.0011260605,0.0014691408,0.0049766516,0.0016022858,0.00033338205,0.0003092351,0.00089088053,0.0008159645,0.0003892523,0.00044807783,0.00035981467,0.0004690163,0.00058096566,0.0007163221,0.0009721169,0.00076588255,0.001315312,0.0009698554,0.00046902415,0.0003076237,0.0008270575,0.0007571955,0.00034811956,0.0006493475,0.0003622684,0.00044937647,0.00045707123,0.0004989887,0.00096377276,0.0010814093,0.0011435694,0.0007589405,0.00076389994,0.0002609449,0.0003419161,0.00025681147,0.00072991673,0.0003230984,0.00034436054,0.00046545884,0.00032909086,0.00033984275,0.00036828773,0.0003796639,0.00082214584,0.00072675484,0.00042458743,0.0006618015,0.0003780902,0.0005016943,0.00029269562,0.00047858345,0.00019103654,0.00027710872,0.00035582512,0.0003173968,0.00037731425,0.0002890586,0.0003338674,0.00037776268,0.00031789436,0.0004867254,0.0006924965,0.0004849494,0.00056495547,0.0003508382,0.00031775894,0.00029602146,0.00024234326,0.00064243015,0.00033787987,0.00035880107,0.0005338475,0.00038615987,0.00038359116,0.0003640229,0.00033599208,0.00026689182,0.0003153599,0.00058287004,0.00060681615,0.0002481331,0.0004702595,0.0004653439,0.00022952794,0.00021639297,0.00024140676,0.0002300847,0.00032996203,0.0003635166,0.0003577808,0.0003426155,0.0004628155,0.00036562816,0.00025647404,0.00024880253,0.0002680332,0.00027751958,0.000789767,0.00048279035,0.00022425488,0.00036135572,0.0002192875,0.00023648213,0.00018991125,0.00089560455,0.00021959085,0.00029145592,0.00046373162,0.0006503726,0.00044146433,0.00039006915,0.0003730991,0.00035813215,0.0002770828,0.00027558373,0.000261209,0.000320473,0.0003279352,0.0003500631,0.00033431684,0.00023093435,0.0002288252,0.0001660095,0.000308046,0.00063014106,0.00021403219,0.00029002753,0.0005230134,0.00031170636,0.00026434218,0.00031917132,0.00030745481,0.00041169205,0.00028169682,0.00027851755,0.0002905462,0.0002746777,0.0003170067,0.00030769673
9,0.71946543,0.0037918591,0.014990156,0.0082737105,0.011055966,0.0024629144,0.0023238577,0.0032929888,0.0037879888,0.0021447765,0.0026508057,0.008822627,0.0011343678,0.001645379,0.0018559095,0.0012797469,0.004436443,0.0015183324,0.0009695903,0.0011789483,0.001064049,0.0010729133,0.004068381,0.0010991137,0.0007384672,0.00063973624,0.00058606814,0.0009893596,0.0009453561,0.0032523817,0.00064560096,0.0011586264,0.00049489917,0.00046924816,0.0010386355,0.0020796936,0.0007075651,0.0062796785,0.0008541559,0.0008186705,0.00096689246,0.00063086697,0.00034622833,0.0012532246,0.0013795852,0.0009335998,0.0011797757,0.00073292933,0.0005533659,0.0003706605,0.0069649825,0.0006471848,0.00055922486,0.0017764542,0.0017161595,0.0007984769,0.0020833258,0.00078939344,0.00037808352,0.00042953077,0.00041016898,0.00065396825,0.0003478825,0.0005448548,0.0013106806,0.0015303895,0.00046740266,0.0015897381,0.00065643573,0.00037627955,0.00032664373,0.000511946,0.00025368962,0.000897185,0.00040243537,0.00043015115,0.0012458871,0.0011504776,0.00044704473,0.0012027245,0.0005339798,0.00071409234,0.0003688728,0.00030371232,0.0008176281,0.00057468895,0.00065225555,0.00054791645,0.00045710892,0.0010260957,0.0013075392,0.00041726325,0.00097353733,0.0006687638,0.00042770422,0.00032481435,0.00026810248,0.00023953883,0.00046495968,0.00043669328,0.00036110642,0.0004383883,0.0005602433,0.000979598,0.00084410043,0.00036028834,0.0010417853,0.0003547531,0.0002943464,0.000282833,0.00020217031,0.00023789713,0.00044652898,0.0006765253,0.0003566031,0.0007712628,0.00038397242,0.00046390225,0.0009716896,0.0010438513,0.0003144005,0.0007305517,0.00059987366,0.0002609449,0.00042060047,0.0002354656,0.0002437336,0.000363137,0.00047601128,0.00070899306,0.0005519586,0.00040086015,0.000373729,0.00040474592,0.00065909873,0.0008407828,0.00044732186,0.00092629035,0.00028412082,0.00031988142,0.00036040737,0.00019827626,0.00036652805,0.00029940731,0.000438146,0.00033782207,0.0003821267,0.00030929374,0.0005186316,0.00033715589,0.00032042502,0.0004996517,0.0006496555,0.00024986948,0.0006924919,0.00033218885,0.00042074305,0.00021995338,0.00068212964,0.00025970835,0.00042034293,0.0004113429,0.0006786198,0.00043632314,0.000377334,0.00037254195,0.0003408619,0.00026689182,0.0003385612,0.00058287004,0.00056271016,0.0002481331,0.000655452,0.0004653439,0.00023323235,0.0002223627,0.00025895276,0.0016585727,0.000807626,0.0005353599,0.0004189043,0.00029637557,0.0004634568,0.00035420276,0.00037595665,0.00027226933,0.00026473968,0.00027751958,0.00059557054,0.00045871217,0.00021915976,0.00042447998,0.00021071041,0.00023648213,0.0002845809,0.0009476118,0.00022667565,0.00029145592,0.0007253001,0.00039618544,0.00031499064,0.00039006915,0.00038180896,0.0003377393,0.0002770828,0.0005053595,0.00026442233,0.00029354185,0.0003279352,0.0003500631,0.0007347636,0.0003672288,0.00022183012,0.0001660095,0.0006842033,0.0041896915,0.00021403219,0.00029002753,0.00039418708,0.0003080096,0.00026736248,0.00031917132,0.00030745481,0.00035409103,0.00028169682,0.00028583143,0.00028130444,0.0002746777,0.0003170067,0.00030769673
10,0.6966572,0.004194469,0.017780632,0.0034144626,0.015673283,0.0023276494,0.0028186978,0.0067559113,0.0040601008,0.0036978843,0.0038574627,0.0073171374,0.0013808517,0.0017314167,0.0024210082,0.0013755864,0.0044835336,0.0017546637,0.0010899283,0.0010471401,0.0011385048,0.0010446347,0.0053175744,0.0016191263,0.0007385816,0.0005492454,0.00062114146,0.0009294253,0.0009255255,0.003020075,0.00074832817,0.0005819924,0.00058727537,0.0014639065,0.00050031533,0.0019528032,0.0006915115,0.0020197933,0.0005751372,0.0006105394,0.00066302245,0.00034360908,0.0019684518,0.001054237,0.0023386246,0.0007001681,0.0022070694,0.00075859524,0.0004512461,0.0003342193,0.00038172124,0.0003329234,0.00082211406,0.0019051579,0.0021288614,0.00062113407,0.0015214636,0.0008232135,0.00046500735,0.00033167144,0.00031914242,0.00031203814,0.00047813568,0.0005492195,0.0010331549,0.0017965537,0.0004725807,0.0018448636,0.0006227992,0.00038733208,0.0003202091,0.00025382778,0.0002463695,0.0005414973,0.000390457,0.0004289021,0.001473976,0.0011880668,0.00047151788,0.0010721852,0.0004294278,0.00043859545,0.0003071501,0.00030371232,0.00026408272,0.00041042734,0.0005989807,0.00076015905,0.0006820637,0.0013647758,0.0012233433,0.00040729172,0.00088697165,0.00062017515,0.0003288469,0.0002926253,0.00028796028,0.00024130364,0.00037907853,0.00046197363,0.00038133663,0.0005815826,0.00046056113,0.0009023,0.0008762054,0.00034086825,0.0009981447,0.00051193114,0.0002994427,0.0002837594,0.000740783,0.00021350509,0.00035380165,0.00053624646,0.00038729352,0.0009226899,0.00039662074,0.0004544019,0.00096999685,0.0010141153,0.00029913426,0.0007653408,0.00058924785,0.0003315276,0.00030058913,0.00023009918,0.0007453393,0.000312443,0.00045089415,0.00062365155,0.0005755904,0.0005095923,0.00046224103,0.00037392502,0.000675953,0.00070267176,0.00049976533,0.00061628985,0.00028412082,0.00032522244,0.00022414372,0.00019462247,0.0002693058,0.0003207707,0.000438146,0.0003423708,0.00037262117,0.00034675177,0.0004911939,0.00035796026,0.00032042502,0.00053125387,0.0007588497,0.00039532394,0.0005400494,0.00034936497,0.00029467436,0.00054479373,0.00068212964,0.00025970835,0.00035882043,0.0004526428,0.0008540509,0.00042100623,0.000377334,0.00037673864,0.00036287846,0.00031777256,0.00035462884,0.00058287004,0.0005783031,0.00028344145,0.00049295987,0.00035587177,0.00022952794,0.00023048827,0.00019269563,0.000717218,0.00042997918,0.00048216557,0.00044593666,0.00029637557,0.00038648356,0.00035420276,0.00037595665,0.0003100395,0.00029065978,0.00029923182,0.00064013817,0.0004728479,0.0006765598,0.0003896568,0.00021071041,0.00023648213,0.00027357062,0.00027418294,0.00021959085,0.0003002769,0.0019768933,0.0003660575,0.00044146433,0.0005591287,0.0006500172,0.00044602167,0.00029651407,0.000716172,0.0003542556,0.00029354185,0.0003279352,0.0003500631,0.00028424166,0.00023093435,0.00025214322,0.00017945268,0.0006582092,0.0007764447,0.00021403219,0.0002931187,0.00045555923,0.0003240223,0.0002919426,0.00031917132,0.00033389256,0.0003434848,0.00028169682,0.00027851755,0.00028130444,0.0002746777,0.00031985916,0.00030769673
11,0.7270468,0.0038886429,0.011142763,0.0063458937,0.009030349,0.0028987317,0.0017025571,0.0043257517,0.0037114345,0.0030234107,0.0030856438,0.011462051,0.0012548503,0.0014380306,0.0015234004,0.0012862975,0.004482061,0.0016050396,0.0010038968,0.004964508,0.0044389083,0.00085369946,0.0038676693,0.00145236,0.001053069,0.0006442871,0.00079530204,0.0053868257,0.0008313452,0.0026446723,0.00063214864,0.0005310506,0.00076368375,0.00058943965,0.0005751114,0.001936914,0.0006937717,0.0025933995,0.0006190517,0.0007347651,0.0009934547,0.000953639,0.0003859251,0.0012073686,0.0012510754,0.0006682427,0.0015859999,0.00085985335,0.00055962475,0.00046149959,0.00052120665,0.000884852,0.00045054423,0.00214395,0.0019656864,0.0005615018,0.001519159,0.00078762503,0.00058817386,0.0009030785,0.0004551768,0.00034515842,0.00069722993,0.0008265868,0.0010319985,0.0024331664,0.0004865477,0.0022380904,0.00057585054,0.00075155054,0.00035099694,0.00029423783,0.00028027644,0.0008183979,0.00057832734,0.00044427428,0.0012619104,0.001007702,0.0004934977,0.0011942784,0.0004168212,0.0019077483,0.00051096,0.00081388064,0.00033864335,0.0010226303,0.0006067317,0.0008732844,0.0007060391,0.0011185906,0.0009323153,0.00042549116,0.001063487,0.00082338223,0.026913552,0.005841968,0.00094219804,0.00066540384,0.00039096057,0.00044940348,0.0017034424,0.0006739037,0.0010658503,0.00089388626,0.00095863105,0.00039918875,0.0015889367,0.002663151,0.0004612478,0.010038741,0.0009132531,0.0017177991,0.00035038328,0.00062287314,0.0005007178,0.000639006,0.0005353709,0.0004984755,0.00088460714,0.0011529317,0.0003300426,0.0008690622,0.00052967307,0.0002609449,0.0018141088,0.0013690614,0.0007634513,0.000350871,0.00038878576,0.0003992879,0.0004615069,0.0003281197,0.0003427539,0.00038644377,0.00081063685,0.0008127639,0.00034672595,0.0006229895,0.0003145303,0.0011055339,0.000599711,0.00019827626,0.00054639834,0.00028247945,0.00035582512,0.0003173968,0.0003214335,0.00032406708,0.00032949116,0.00032606037,0.0007417045,0.00047403818,0.00051315734,0.00033201437,0.00056495547,0.00028316866,0.00025360208,0.00021995338,0.00023890269,0.00025970835,0.00035882043,0.00039482772,0.0004759523,0.0003604962,0.00034264752,0.00025391346,0.00033599208,0.00026689182,0.0003385612,0.00058287004,0.0004036547,0.0002481331,0.00050806615,0.00034297205,0.00022952794,0.0002223627,0.00027980574,0.00022305282,0.0005281722,0.0003635166,0.00040220277,0.0003313374,0.0003034747,0.0003021562,0.0002637111,0.0002552611,0.00026473968,0.00030320167,0.0005655988,0.00049393164,0.00017544035,0.0003896568,0.00021071041,0.00023648213,0.00018991125,0.00038435127,0.00021959085,0.00029145592,0.0004367151,0.00027787092,0.00034489165,0.00036832865,0.00034035373,0.00033092033,0.0002770828,0.00027117893,0.0002721559,0.00029354185,0.0003279352,0.0003500631,0.00029527,0.00028354255,0.00025441727,0.000161515,0.00029633858,0.00021987705,0.00021403219,0.00029002753,0.00030195003,0.00032849752,0.00026736248,0.00031917132,0.00032434153,0.00039661265,0.0002843319,0.00027851755,0.00028130444,0.0002746777,0.00031985916,0.00030769673
12,0.777302,0.0036763146,0.01611663,0.0028557437,0.010048891,0.0026038303,0.0022441158,0.006703361,0.002651547,0.0029816874,0.0040399744,0.0050558015,0.0011756854,0.0012500475,0.0016387252,0.0013248236,0.00354162,0.011903088,0.0008506406,0.0013552293,0.000983588,0.0010692414,0.004144122,0.0014772211,0.0020292376,0.0005888582,0.0006129839,0.0009216703,0.0012241266,0.002876285,0.0006459576,0.00048741276,0.0037047036,0.0014022392,0.000439901,0.0016655544,0.0006251489,0.0017811785,0.00060594373,0.0006063265,0.00061236724,0.0009391037,0.0009836686,0.00067954167,0.0012656135,0.00054055464,0.001438086,0.0007675538,0.00046593047,0.0003639261,0.00032893466,0.0008785454,0.0005020935,0.0014190462,0.0018440298,0.0005299839,0.0020046209,0.00067979726,0.00050316553,0.00032169683,0.00031385125,0.00036202636,0.0006860534,0.0007267011,0.0012142776,0.0025235154,0.00046663807,0.0017032234,0.00068558805,0.0003477573,0.0003202091,0.00028235154,0.0003100803,0.0008538744,0.00058683613,0.0005020325,0.0013270368,0.0014551447,0.0004973626,0.0013089398,0.0004947013,0.0006772726,0.00030575122,0.00090124365,0.00037968397,0.0006902812,0.0006196269,0.00079165265,0.00077412964,0.00110913,0.001427008,0.0003646792,0.001304106,0.00065918354,0.0004528014,0.0002870048,0.00025868873,0.0011883695,0.0003911757,0.0004116793,0.00039222234,0.00064177625,0.0010030259,0.0010182224,0.00091873226,0.0003776727,0.0009698448,0.0004718202,0.0002943464,0.0003781385,0.00020217031,0.00027591133,0.0004585928,0.00055814284,0.00038729352,0.00091767753,0.0005097684,0.0005172695,0.00091378484,0.00090846245,0.0003300426,0.0007733868,0.00061261794,0.00028944138,0.00063468533,0.00084646925,0.00023849009,0.00035417272,0.0004939208,0.00067936454,0.00054690504,0.0005095923,0.00052036275,0.00047261876,0.0007326877,0.00080481835,0.00043530928,0.00060201954,0.00029128228,0.00027468923,0.0003056259,0.00019827626,0.013507607,0.00028645262,0.00053570804,0.00033782207,0.0003821267,0.00034675177,0.00055369164,0.000348578,0.0005707673,0.00058483105,0.0006520085,0.0002771737,0.00065459585,0.0002706445,0.00029467436,0.00021995338,0.00024234326,0.00025970835,0.00033406576,0.00039482772,0.00062777265,0.00037683506,0.00034264752,0.00027126994,0.00035769417,0.00026689182,0.00033931184,0.00058287004,0.0005783031,0.0002481331,0.00044909795,0.0004653439,0.00022952794,0.00021639297,0.00034983442,0.00026353865,0.0029487747,0.00036774483,0.0003577808,0.0003313374,0.00036107024,0.00031190313,0.00025647404,0.00024880253,0.00026473968,0.00027751958,0.0006585584,0.00049393164,0.00017544035,0.0003896568,0.00021071041,0.00023648213,0.0002845809,0.00057500484,0.00021959085,0.00029145592,0.00048067028,0.00060206256,0.00033667393,0.00036832865,0.00034035373,0.0003655116,0.0002770828,0.00027558373,0.00025459102,0.00029354185,0.0003279352,0.0003500631,0.00028424166,0.00023412958,0.0002471723,0.000161515,0.00040832133,0.0007057048,0.00021403219,0.0002931187,0.00063990516,0.00032849752,0.00026434218,0.00031917132,0.000318025,0.0004285766,0.0002843319,0.00027851755,0.00030371232,0.0002746777,0.00031985916,0.00030769673
13,0.73476774,0.006024361,0.017112821,0.0036761155,0.015935924,0.0032636453,0.002001656,0.0071186274,0.0029526844,0.004818996,0.0046274685,0.0073504522,0.0013329161,0.0015939525,0.0024486165,0.0013468156,0.0035793346,0.001573949,0.0011109604,0.001663194,0.0011277986,0.0009903309,0.010429312,0.0012749073,0.0007156702,0.0006685657,0.00075931236,0.0009802688,0.0010541826,0.0030583865,0.00078316935,0.0005436782,0.0006231038,0.00046883972,0.0006205568,0.0021561175,0.0006884286,0.0017304296,0.00068707805,0.00051216903,0.0006486248,0.00032888356,0.00042566255,0.001950511,0.0013110988,0.00058606366,0.0020424158,0.00064957223,0.0005382834,0.00033785604,0.0011622006,0.00027043506,0.0008135635,0.00201631,0.0018086549,0.000620156,0.0016618059,0.0008351014,0.0004820601,0.0003525122,0.00030672434,0.000862958,0.0003524176,0.0005503246,0.0010884523,0.0017919324,0.0004904568,0.0020607195,0.0008403691,0.00039084078,0.0003202091,0.00025382778,0.0002834785,0.0006009412,0.00041602584,0.00040073734,0.0014374905,0.0011242544,0.00046143777,0.0011094756,0.0005633512,0.0005412602,0.00026434267,0.00023881182,0.00026408272,0.0004320069,0.00038919385,0.0007993783,0.00066475006,0.001001656,0.0012055833,0.00041200733,0.0007937734,0.0006253595,0.00032319728,0.00031843458,0.0002720122,0.0002584619,0.0003989654,0.00041274284,0.0003977893,0.00069114653,0.0008385369,0.00089357933,0.00089388713,0.0003540981,0.0012353108,0.00051193114,0.0002994427,0.0003188599,0.0007350497,0.00021350509,0.00041183454,0.00032745034,0.0004376065,0.00085008115,0.00039480816,0.0005353566,0.0015334615,0.0009068535,0.0003468516,0.0007714844,0.00060112623,0.00028778217,0.00039103252,0.00023245733,0.00080035086,0.00033828922,0.0004107712,0.0007254373,0.00047599108,0.00044157502,0.00052036275,0.00046432766,0.00093748694,0.0007675206,0.00029885746,0.0006115317,0.000483316,0.00034320934,0.0003308945,0.0002293339,0.0004172692,0.0003207707,0.00035582512,0.00033782207,0.00036784774,0.00030929374,0.0005147701,0.00041626388,0.0006116739,0.0004973419,0.00056233647,0.00034710663,0.00057388155,0.0002706445,0.00031775894,0.00021995338,0.00024234326,0.00025970835,0.00043200012,0.0003714205,0.0006786198,0.00040770933,0.00039796432,0.00035223272,0.00036287846,0.00031777256,0.00056211516,0.00058287004,0.0004036547,0.0002481331,0.0005629513,0.0004576094,0.00022952794,0.00021639297,0.00019269563,0.0002300847,0.0018403499,0.0003635166,0.00044593666,0.0003426155,0.0004350508,0.00035420276,0.00038656374,0.00030219537,0.00042758088,0.0004885985,0.000789767,0.0004750213,0.00022425488,0.00043306575,0.00021071041,0.00023648213,0.00022446795,0.00047752509,0.00021959085,0.00031110423,0.00075183064,0.0004487042,0.00044146433,0.0005591287,0.0005231712,0.00042244504,0.00029651407,0.0008013525,0.00039114623,0.00036920066,0.0003279352,0.0003500631,0.0003233366,0.0002451513,0.00023417399,0.0001660095,0.0010547151,0.0019072952,0.00021403219,0.00029002753,0.0010748196,0.0003080096,0.0002919426,0.00031917132,0.00034249842,0.0003434848,0.00028169682,0.00027851755,0.00028130444,0.0002775267,0.00031985916,0.00030769673
14,0.7797582,0.0035997597,0.011038503,0.007308166,0.016001413,0.004035135,0.0020188708,0.006512107,0.00438796,0.0019127395,0.0027296802,0.033350747,0.0014838002,0.0015583846,0.0014648596,0.010969474,0.0026837576,0.001954514,0.00229384,0.004424077,0.0030951516,0.0012190999,0.009393753,0.0017422355,0.0009894398,0.0006277933,0.00070602697,0.0045669093,0.0011114199,0.0064940597,0.00082728214,0.00094799115,0.0007442594,0.000509066,0.0005582474,0.0012801022,0.00073983124,0.0043142517,0.0015817358,0.0007374141,0.0011559592,0.0004354489,0.00056602916,0.0015773621,0.0012132834,0.0010239416,0.00213901,0.0024211614,0.0005715515,0.00046518003,0.00046178498,0.00032980385,0.0008247583,0.0016278225,0.0019427569,0.00069387455,0.002458392,0.0025458764,0.0006231534,0.000826534,0.0011160148,0.00029973147,0.00077340484,0.00080081087,0.0014058547,0.0022431263,0.0004850469,0.0033903632,0.0018116419,0.001987427,0.0006532083,0.00055423845,0.00060717366,0.0006603329,0.0006758715,0.00046246272,0.0014161195,0.00095207524,0.0012735607,0.0018072444,0.0005641072,0.0006615253,0.0007884342,0.00023881182,0.0010728494,0.000551292,0.0005329913,0.00064472813,0.00045215982,0.00079538353,0.0009655172,0.0004003902,0.002540583,0.0006357615,0.002553595,0.002942635,0.0002613784,0.00026808408,0.00043738526,0.00041274284,0.0003478583,0.0004449736,0.00070274546,0.0007904981,0.0009535226,0.00034086825,0.0009431056,0.0018635119,0.0002994427,0.0003973972,0.0007805817,0.00023036501,0.0003849989,0.00031552833,0.00038028223,0.0004664128,0.00045707123,0.00043302344,0.000916109,0.000815166,0.0003264974,0.0007872784,0.00061648985,0.00036562103,0.0004995091,0.00024098084,0.0008082507,0.00031922126,0.00032092273,0.00038760953,0.00032673936,0.00029717857,0.0003407862,0.00040474592,0.00066330057,0.0006961012,0.0003659031,0.0006316512,0.00042985295,0.0005570955,0.00040495317,0.00019827626,0.0004836266,0.00025853905,0.000342055,0.0003173968,0.00032138263,0.00032406708,0.00037776935,0.0003136323,0.00039253206,0.00051223254,0.0005113052,0.00084698247,0.0008296453,0.0008736153,0.00031629938,0.00021995338,0.00024234326,0.00025970835,0.00038981342,0.0003714205,0.00041581155,0.00036762125,0.00034264752,0.0002831816,0.00033599208,0.00026689182,0.00032981078,0.00059606996,0.00040748823,0.00026261937,0.0005333763,0.0006076278,0.00025280664,0.00021639297,0.00021527881,0.0002300847,0.0003236308,0.0003635166,0.00038087033,0.0003313374,0.00036889652,0.0003266624,0.00032670633,0.00024880253,0.00026473968,0.00029576532,0.0007205898,0.00048279035,0.00022742317,0.0004427128,0.00021071041,0.00023648213,0.00018991125,0.00019038447,0.00021959085,0.00029145592,0.00046373162,0.0003098049,0.00034489165,0.00036832865,0.00034035373,0.00046143122,0.00032903787,0.00028693504,0.0002759045,0.00029354185,0.0003279352,0.0003500631,0.00034284536,0.0002451513,0.0002568923,0.000161515,0.0006617744,0.00018936103,0.00021403219,0.00029002753,0.00030195003,0.0003080096,0.0002919426,0.00031917132,0.00033389256,0.0003434848,0.00028169682,0.00027851755,0.00028470327,0.0002746777,0.0003170067,0.00030769673
15,0.79066783,0.0045291865,0.024278047,0.0037265439,0.009930543,0.0050840415,0.013858583,0.0023487248,0.0041482877,0.003225828,0.0044581974,0.005426027,0.0011143873,0.0011908868,0.0021672258,0.0013250281,0.0038450635,0.0014981349,0.00092286797,0.0013138351,0.0010122359,0.0010813073,0.0031959612,0.0011686278,0.0008373624,0.0006497354,0.0005816566,0.00091453566,0.0009670026,0.0029013695,0.0008032156,0.00057876983,0.00082887255,0.00052136986,0.0005838811,0.0017220309,0.00071765424,0.00201626,0.00076202664,0.00075461133,0.00089715386,0.00045263374,0.0005436878,0.0017151509,0.0014470104,0.00071996613,0.0017936392,0.000808178,0.00047609888,0.00043182063,0.00051263324,0.0003436258,0.0007853209,0.0018826876,0.0019791515,0.00079005084,0.0016036441,0.0011865032,0.0004011155,0.0005797681,0.0013100847,0.00029973147,0.0007059772,0.0008246609,0.0014887048,0.0021654118,0.0004790243,0.0017546661,0.000549859,0.00044995494,0.00042312354,0.00055423845,0.0006790866,0.0006603329,0.0007016767,0.00043516592,0.0014407851,0.001379408,0.0004642896,0.0011708111,0.00045785203,0.00067244284,0.00057596114,0.00030371232,0.0012542731,0.00083324814,0.0006260477,0.001006262,0.00077126053,0.00092125277,0.0013781827,0.00041726325,0.0015264353,0.00072338694,0.00033984226,0.00053643895,0.0009000006,0.00028844413,0.00043629925,0.00042564876,0.0003886179,0.00064502744,0.0008594008,0.0009226227,0.00084666454,0.00036596623,0.0013159892,0.0020949855,0.00044471852,0.010916425,0.0009095459,0.0019221745,0.0016890327,0.0006319417,0.00067725265,0.0009226899,0.0011132472,0.00052653375,0.0006748774,0.00097277097,0.0003574496,0.0007862029,0.0006340566,0.0002609449,0.0017061967,0.001174481,0.00072991673,0.0003495602,0.00037998596,0.00052039523,0.0003899039,0.0004206843,0.00035387723,0.0003935696,0.0006430586,0.0008175459,0.00043530928,0.0005985772,0.0004365955,0.00027891668,0.00053854816,0.00019827626,0.002710352,0.00028247945,0.000342055,0.0003173968,0.00032141202,0.00032406708,0.0003456471,0.00037917032,0.00031140455,0.0005496212,0.0006496555,0.00027763468,0.0005526019,0.00030513504,0.00059795514,0.00021995338,0.00023890269,0.00025970835,0.00035882043,0.0004526428,0.0004498516,0.00035117133,0.00034264752,0.0002757714,0.00033599208,0.00026689182,0.00031556506,0.0005515702,0.0005680461,0.0002481331,0.00045391248,0.0006644802,0.00025280664,0.00021639297,0.00027980574,0.0002300847,0.00041178233,0.00034535295,0.00040220277,0.0003313374,0.00030969593,0.0003021562,0.00026341958,0.00027226933,0.0002680332,0.00027751958,0.0006592969,0.0004899603,0.00022425488,0.00036135572,0.00021071041,0.00023648213,0.00019730408,0.0011010718,0.00021959085,0.00029145592,0.00052176754,0.00032000616,0.00034489165,0.0003221274,0.00031402934,0.00033092033,0.0002770828,0.00027117893,0.0002761545,0.00029354185,0.0003279352,0.0003500631,0.00029020125,0.00044530455,0.00025441727,0.0001660095,0.0003812594,0.0018572987,0.00021403219,0.0002931187,0.00040371358,0.0003080096,0.00026736248,0.00031917132,0.00032434153,0.00032995132,0.0002881116,0.00027851755,0.00028130444,0.0002746777,0.00031985916,0.00030769673
